,extractor,n_features,selection_method,model,accuracy_avg,accuracy_std,precision_avg,precision_std,recall_avg,recall_std,f1_avg,f1_std
0,VGG19,50,SelectKBest(k=50),KNeighborsClassifier(n_neighbors=18),0.8143097643097643,0.005157398546141544,0.844659946979319,0.0054064647176054045,0.9070776754288362,0.006651730022084261,0.8747288885807253,0.0034463949894966116
1,VGG19,50,SelectKBest(k=50),GaussianNB(),0.7351851851851852,0.009785330907616598,0.8713562146694462,0.01099639740620042,0.7386640516731591,0.00815976321190939,0.7994942543697892,0.007132414523871253
2,VGG19,50,SelectKBest(k=50),"SVC(C=10, gamma='auto', kernel='linear')",0.8200336700336699,0.005192995560669095,0.8311600393443875,0.004923414058640906,0.9389943228574141,0.004539180771151024,0.8817782359981223,0.003209799934733488
3,VGG19,50,"RFE(estimator=RandomForestClassifier(n_jobs=-1), n_features_to_select=50)",KNeighborsClassifier(n_neighbors=19),0.8271043771043771,0.01042344523178695,0.8482083669366445,0.006525167739295075,0.9233313297990712,0.007781935895283081,0.8841753635521995,0.007014736534178412
4,VGG19,50,"RFE(estimator=RandomForestClassifier(n_jobs=-1), n_features_to_select=50)",GaussianNB(),0.7406565656565658,0.009472595889990035,0.8756409233482533,0.012039573383182695,0.7427859941169579,0.00532185970839746,0.8037185587770441,0.006362609994447154
5,VGG19,50,"RFE(estimator=RandomForestClassifier(n_jobs=-1), n_features_to_select=50)","SVC(C=10, gamma='auto', kernel='linear')",0.829882154882155,0.0064017351319298164,0.8439632707598823,0.005213622477584745,0.9348723804136154,0.007197869605738158,0.8870729289048713,0.0042863858875184565
6,VGG19,50,"SelectFromModel(estimator=RandomForestClassifier(n_estimators=200, n_jobs=-1,
                                                 random_state=5),
                max_features=50, threshold='1.25*median')",KNeighborsClassifier(n_neighbors=15),0.8251683501683502,0.0070606791163336,0.8484684723377827,0.006177107305408026,0.919679559305654,0.004023957207798838,0.8826306887684702,0.004511318239337218
7,VGG19,50,"SelectFromModel(estimator=RandomForestClassifier(n_estimators=200, n_jobs=-1,
                                                 random_state=5),
                max_features=50, threshold='1.25*median')",GaussianNB(),0.7300505050505051,0.00991552479638196,0.8787325292893721,0.011089826402192225,0.7220581496355856,0.008269740714062042,0.7926838180765876,0.007446424901690476
8,VGG19,50,"SelectFromModel(estimator=RandomForestClassifier(n_estimators=200, n_jobs=-1,
                                                 random_state=5),
                max_features=50, threshold='1.25*median')","SVC(C=10, gamma='auto')",0.8266835016835017,0.005198450389442616,0.8326081900688818,0.004864218647030424,0.9481803541333467,0.004885651611392328,0.8866286113552098,0.003239013494459875
9,VGG19,50,PCA(n_components=50),KNeighborsClassifier(n_neighbors=19),0.8180976430976432,0.005122937392155855,0.8456367797150703,0.005243951072940359,0.9120242559365968,0.00417923476125467,0.8775619764443034,0.003205069789787593
10,VGG19,50,PCA(n_components=50),GaussianNB(),0.7936026936026936,0.012672753913158436,0.8374382063793384,0.009048617969681759,0.8825829785552507,0.008630876213196102,0.8594104423400839,0.008489549241171573
11,VGG19,50,PCA(n_components=50),"SVC(C=10, gamma='auto')",0.8302188552188552,0.007379615755657789,0.8325730544156533,0.00585946213875619,0.954422784552127,0.003316343642194835,0.8893381972324846,0.0045407368464069255
12,VGG19,100,SelectKBest(k=100),KNeighborsClassifier(n_neighbors=21),0.8167508417508417,0.0052876426850301085,0.8452105650392978,0.003887088083820643,0.910374979808673,0.009223865537456815,0.8765490351267943,0.004038890924574711
13,VGG19,100,SelectKBest(k=100),GaussianNB(),0.6950336700336701,0.012543499796203882,0.879215434263859,0.012061030074746218,0.6647034803955213,0.012576656556606572,0.7569898617942502,0.010645761323906688
14,VGG19,100,SelectKBest(k=100),"SVC(C=10, gamma='auto', kernel='linear')",0.8287037037037038,0.006760260271131717,0.8411082778312247,0.005551883389734465,0.9374634562976489,0.004014324525969237,0.8866682277124429,0.004264486365674716
15,VGG19,100,"RFE(estimator=RandomForestClassifier(n_jobs=-1), n_features_to_select=100)",KNeighborsClassifier(n_neighbors=27),0.8277777777777777,0.00879377873853221,0.8509654773602815,0.006283061259705363,0.9202679328448591,0.010937143446346963,0.8842188998474967,0.0062214989480982195
16,VGG19,100,"RFE(estimator=RandomForestClassifier(n_jobs=-1), n_features_to_select=100)",GaussianNB(),0.7414983164983164,0.009896928253669399,0.8756715748504245,0.010845928229392288,0.7440816360486422,0.0084591884423432,0.8044838824275153,0.0073006121017527735
17,VGG19,100,"RFE(estimator=RandomForestClassifier(n_jobs=-1), n_features_to_select=100)","SVC(C=10, gamma='auto')",0.8343434343434343,0.005985316105936414,0.84043692079248,0.004687500905948113,0.9482983477428351,0.005761687096323343,0.8911023870191516,0.003899656294455438
18,VGG19,100,"SelectFromModel(estimator=RandomForestClassifier(n_estimators=200, n_jobs=-1,
                                                 random_state=5),
                max_features=100, threshold='1.25*median')",KNeighborsClassifier(n_neighbors=25),0.8229797979797981,0.007890039161919498,0.8484749503317893,0.004894916271753822,0.9159110430787596,0.008902764085981679,0.8808842491875553,0.005572157404226395
19,VGG19,100,"SelectFromModel(estimator=RandomForestClassifier(n_estimators=200, n_jobs=-1,
                                                 random_state=5),
                max_features=100, threshold='1.25*median')",GaussianNB(),0.726094276094276,0.012686165421185214,0.8760695653578224,0.012441227590107603,0.7185254126483327,0.011792172834217735,0.7894501411037427,0.009945904347419125
20,VGG19,100,"SelectFromModel(estimator=RandomForestClassifier(n_estimators=200, n_jobs=-1,
                                                 random_state=5),
                max_features=100, threshold='1.25*median')","SVC(C=10, gamma='auto', kernel='linear')",0.8314814814814813,0.006673762506031912,0.843534267064768,0.0050536051111792655,0.9382878170558306,0.004986078759651578,0.8883839029631453,0.0043208186129525695
21,VGG19,100,PCA(n_components=100),KNeighborsClassifier(n_neighbors=19),0.8185185185185185,0.008123658832622779,0.8500492054005612,0.005400001963914933,0.9059005123917554,0.007300750774814553,0.8770763313164528,0.005582094626148111
22,VGG19,100,PCA(n_components=100),GaussianNB(),0.7162457912457911,0.015423576873635998,0.8395112331467424,0.005221332544099037,0.7453808136290245,0.01997802981001359,0.7895649687630775,0.013443197839831753
23,VGG19,100,PCA(n_components=100),"SVC(C=10, gamma='auto')",0.8372053872053872,0.010300361662269174,0.8415918101610206,0.00791361988003042,0.9513609821061513,0.006440967179917755,0.8931025655276515,0.006527634798762963
24,VGG19,150,SelectKBest(k=150),KNeighborsClassifier(n_neighbors=23),0.8207912457912456,0.00690235690235689,0.8481676757581015,0.006437703445374242,0.912730415105955,0.008179371413145455,0.879229743647401,0.004667992955016518
25,VGG19,150,SelectKBest(k=150),GaussianNB(),0.6920875420875421,0.012717403937550081,0.8803092855061851,0.010468602883278218,0.658815169458096,0.014837169148852752,0.7535341387240192,0.011486638588205395
26,VGG19,150,SelectKBest(k=150),"SVC(C=1, gamma='auto', kernel='linear')",0.8305555555555555,0.007872058192416322,0.8412760296837662,0.006713707339879921,0.9404078890721419,0.0045165270072561855,0.8880720298318193,0.004932923729338056
27,VGG19,150,"RFE(estimator=RandomForestClassifier(n_jobs=-1), n_features_to_select=150)",KNeighborsClassifier(n_neighbors=27),0.8256734006734007,0.009595221189618164,0.85449948848586,0.00686690266577295,0.911317472829233,0.010235028006461182,0.8819616666394037,0.006689732611808274
28,VGG19,150,"RFE(estimator=RandomForestClassifier(n_jobs=-1), n_features_to_select=150)",GaussianNB(),0.7339225589225589,0.010665351881353828,0.873291809828814,0.01171200627955922,0.7344238383140917,0.009995326002375215,0.797794484928051,0.008047068578668213
29,VGG19,150,"RFE(estimator=RandomForestClassifier(n_jobs=-1), n_features_to_select=150)","SVC(C=1, gamma='auto', kernel='linear')",0.838973063973064,0.008615516216783818,0.8487491494647227,0.007278173756639086,0.9427634630223143,0.0036096920108428104,0.8932811290750173,0.005388819147492982
30,VGG19,150,"SelectFromModel(estimator=RandomForestClassifier(n_estimators=200, n_jobs=-1,
                                                 random_state=5),
                max_features=150, threshold='1.25*median')",KNeighborsClassifier(n_neighbors=19),0.8212121212121213,0.010856301798251073,0.8530547104935957,0.005594224300375187,0.905899957780195,0.012826898427228459,0.8786493313167257,0.007924905126443983
31,VGG19,150,"SelectFromModel(estimator=RandomForestClassifier(n_estimators=200, n_jobs=-1,
                                                 random_state=5),
                max_features=150, threshold='1.25*median')",GaussianNB(),0.7153198653198654,0.012855935800584695,0.8769004003264819,0.011534546772709783,0.7000352178340894,0.012691664597557493,0.7784880693186317,0.01052555848130228
32,VGG19,150,"SelectFromModel(estimator=RandomForestClassifier(n_estimators=200, n_jobs=-1,
                                                 random_state=5),
                max_features=150, threshold='1.25*median')","SVC(C=1, gamma='auto', kernel='linear')",0.8359427609427609,0.0042788771135147865,0.8465227375016905,0.0038043764559310173,0.941114117567945,0.00419755639364864,0.891306541040834,0.0027718098504910037
33,VGG19,150,PCA(n_components=150),KNeighborsClassifier(n_neighbors=23),0.8183501683501684,0.008023612117705392,0.8511083669707263,0.0052853469287305445,0.9040162196150858,0.008515752033666814,0.8767460154773234,0.005624924536736544
34,VGG19,150,PCA(n_components=150),GaussianNB(),0.6531144781144781,0.012245666729911335,0.8382603351568605,0.006551255314458486,0.6376186782081332,0.014263355180192429,0.7242570763862293,0.011470540773877312
35,VGG19,150,PCA(n_components=150),"SVC(C=1, gamma='auto', kernel='linear')",0.8374579124579125,0.011453380503195066,0.8473636600775135,0.008867458745231444,0.9424101754582999,0.00693726326624902,0.8923487309519376,0.007329723793779532
36,VGG19,200,SelectKBest(k=200),KNeighborsClassifier(n_neighbors=21),0.8210437710437709,0.011018258080688176,0.8530342265922908,0.006540917835187916,0.9056644558463336,0.01198799510937214,0.8785307008983491,0.00786378371561864
37,VGG19,200,SelectKBest(k=200),GaussianNB(),0.6852693602693603,0.014360180546893031,0.8797985499688641,0.011696067115974497,0.6482162652318866,0.01445429060353857,0.7464000834171391,0.012571842526902273
38,VGG19,200,SelectKBest(k=200),"SVC(C=10, gamma='auto', kernel='linear')",0.8342592592592591,0.006938192267675049,0.8475776167399081,0.007527141983648951,0.9366386795807969,0.0010987183748517823,0.8898662126592332,0.004051312956824999
39,VGG19,200,"RFE(estimator=RandomForestClassifier(n_jobs=-1), n_features_to_select=200)",KNeighborsClassifier(n_neighbors=23),0.8184343434343434,0.011156295231145138,0.8553925437950495,0.0072014058186899745,0.8977739278491956,0.012358321438265374,0.8760307835883145,0.007976312618122986
40,VGG19,200,"RFE(estimator=RandomForestClassifier(n_jobs=-1), n_features_to_select=200)",GaussianNB(),0.7287878787878788,0.012822824647215961,0.8749639627406246,0.010015242493433203,0.7240601587159634,0.014372539042695823,0.792317284156698,0.01072425269159799
41,VGG19,200,"RFE(estimator=RandomForestClassifier(n_jobs=-1), n_features_to_select=200)","SVC(C=1, gamma='auto', kernel='linear')",0.8416666666666666,0.006603319413284558,0.8514152872094704,0.006191838104155458,0.943116057321878,0.004275230179286607,0.8949078409495579,0.004117327604844625
42,VGG19,200,"SelectFromModel(estimator=RandomForestClassifier(n_estimators=200, n_jobs=-1,
                                                 random_state=5),
                max_features=200, threshold='1.25*median')",KNeighborsClassifier(n_neighbors=23),0.8226430976430976,0.013326806040968356,0.853067340174691,0.006709280434735955,0.9082562943212628,0.013267038561525108,0.8797796866739924,0.009461666134728453
43,VGG19,200,"SelectFromModel(estimator=RandomForestClassifier(n_estimators=200, n_jobs=-1,
                                                 random_state=5),
                max_features=200, threshold='1.25*median')",GaussianNB(),0.7146464646464646,0.015179547580942577,0.8777472279498962,0.012495841639954484,0.6980327927950413,0.01588214379973997,0.7775554854044786,0.012772595019946393
44,VGG19,200,"SelectFromModel(estimator=RandomForestClassifier(n_estimators=200, n_jobs=-1,
                                                 random_state=5),
                max_features=200, threshold='1.25*median')","SVC(C=1, gamma='auto', kernel='linear')",0.8382996632996633,0.005046294541185809,0.8478652696553592,0.004492719099755924,0.9429985489975049,0.004875416200042535,0.8928925279276324,0.003263998827195874
45,VGG19,200,PCA(n_components=200),KNeighborsClassifier(n_neighbors=19),0.8172558922558922,0.007084722361111383,0.852696970513089,0.004917616420363709,0.8997764222146888,0.007570593274613114,0.875587303015811,0.004959085930404618
46,VGG19,200,PCA(n_components=200),GaussianNB(),0.6101851851851852,0.00994335439787522,0.8324573276753169,0.006068626040553873,0.569075136694418,0.011083128742473662,0.675993697405406,0.009808888288253341
47,VGG19,200,PCA(n_components=200),"SVC(C=10, gamma='auto', kernel='linear')",0.8403198653198652,0.010057425610265229,0.8522741936957774,0.007442162462798394,0.9394657426838069,0.006704515779341522,0.8937389793114822,0.006552368419901802
48,VGG19,250,SelectKBest(k=250),KNeighborsClassifier(n_neighbors=23),0.8191919191919192,0.009825796191082663,0.8519118759569653,0.006875534167543873,0.9042516522225019,0.009907085038563055,0.8772743505845932,0.00682846190803467
49,VGG19,250,SelectKBest(k=250),GaussianNB(),0.6812289562289562,0.014281513011382009,0.8809288694070375,0.011101321375729745,0.6405613084950547,0.014596767081815872,0.7417038081102155,0.012722083713877083
50,VGG19,250,SelectKBest(k=250),"SVC(C=1, gamma='auto', kernel='linear')",0.8393097643097643,0.00819746048750159,0.8497168391381127,0.007614444700851075,0.9418208313488637,0.0026685856096611334,0.8933884300611755,0.005035063750381143
51,VGG19,250,"RFE(estimator=RandomForestClassifier(n_jobs=-1), n_features_to_select=250)",KNeighborsClassifier(n_neighbors=29),0.8167508417508417,0.008202644925979666,0.8525996951090276,0.005443470670524075,0.8990692924750997,0.008986019685156497,0.8751956310048676,0.005816651362015775
52,VGG19,250,"RFE(estimator=RandomForestClassifier(n_jobs=-1), n_features_to_select=250)",GaussianNB(),0.7186026936026937,0.013722346041962862,0.8769284420157207,0.011406762008977634,0.7053343233149688,0.014462390424445703,0.7817524283608446,0.01147661018520638
53,VGG19,250,"RFE(estimator=RandomForestClassifier(n_jobs=-1), n_features_to_select=250)","SVC(C=1, gamma='auto', kernel='linear')",0.8414983164983164,0.00779063027755324,0.8518992649014375,0.006621982113970021,0.9420565412620603,0.00338078234599103,0.8947052087356793,0.004892949845513283
54,VGG19,250,"SelectFromModel(estimator=RandomForestClassifier(n_estimators=200, n_jobs=-1,
                                                 random_state=5),
                max_features=250, threshold='1.25*median')",KNeighborsClassifier(n_neighbors=23),0.8226430976430976,0.013326806040968356,0.853067340174691,0.006709280434735955,0.9082562943212628,0.013267038561525108,0.8797796866739924,0.009461666134728453
55,VGG19,250,"SelectFromModel(estimator=RandomForestClassifier(n_estimators=200, n_jobs=-1,
                                                 random_state=5),
                max_features=250, threshold='1.25*median')",GaussianNB(),0.7146464646464646,0.015179547580942577,0.8777472279498962,0.012495841639954484,0.6980327927950413,0.01588214379973997,0.7775554854044786,0.012772595019946393
56,VGG19,250,"SelectFromModel(estimator=RandomForestClassifier(n_estimators=200, n_jobs=-1,
                                                 random_state=5),
                max_features=250, threshold='1.25*median')","SVC(C=1, gamma='auto', kernel='linear')",0.8382996632996633,0.005046294541185809,0.8478652696553592,0.004492719099755924,0.9429985489975049,0.004875416200042535,0.8928925279276324,0.003263998827195874
57,VGG19,250,PCA(n_components=250),KNeighborsClassifier(n_neighbors=29),0.8165824915824915,0.008837982995560073,0.8513714726591879,0.004974214365024909,0.9006015455637663,0.009481491424605972,0.8752776568878036,0.006280829607982533
58,VGG19,250,PCA(n_components=250),GaussianNB(),0.5826599326599327,0.014254199906228553,0.8260605219001835,0.00953145285821818,0.5269129419300899,0.016096928917863847,0.6433545676216056,0.014741560082931733
59,VGG19,250,PCA(n_components=250),"SVC(C=1, gamma='auto', kernel='linear')",0.8397306397306398,0.010882376777082276,0.8520019779951827,0.007614933708796864,0.9388771611652666,0.006905467214142311,0.8933287483875298,0.007124333308193081
60,VGG19,300,SelectKBest(k=300),KNeighborsClassifier(n_neighbors=29),0.8188552188552188,0.011573997551017278,0.8517747512447613,0.008171840050754404,0.9038991965758283,0.010749942031113598,0.8770337646072827,0.007950585863820523
61,VGG19,300,SelectKBest(k=300),GaussianNB(),0.6751683501683502,0.01723514396872214,0.8790407722592084,0.010613720309826977,0.6324355558698354,0.018888831093372353,0.7355426934039511,0.016017565994513677
62,VGG19,300,SelectKBest(k=300),"SVC(C=1, gamma='auto', kernel='linear')",0.842003367003367,0.007045610423515656,0.8527335028975116,0.005795965186144325,0.9415859533530082,0.0033872829501056813,0.8949549533599059,0.004470484316838455
63,VGG19,300,"RFE(estimator=RandomForestClassifier(n_jobs=-1), n_features_to_select=300)",KNeighborsClassifier(n_neighbors=29),0.8148148148148147,0.010005865028363087,0.8518297166955493,0.006188055085845748,0.8969499137232392,0.011776737714643649,0.8737703492840068,0.007207107794625941
64,VGG19,300,"RFE(estimator=RandomForestClassifier(n_jobs=-1), n_features_to_select=300)",GaussianNB(),0.7097643097643097,0.01249255806767003,0.8775649466223214,0.010553368173939712,0.6902601197545012,0.012496688352148863,0.7726735424663657,0.010450021686886987
65,VGG19,300,"RFE(estimator=RandomForestClassifier(n_jobs=-1), n_features_to_select=300)","SVC(C=1, gamma='auto', kernel='linear')",0.8425925925925926,0.009949053412183412,0.8531593105041656,0.007907643735467337,0.9419393102434676,0.004544504752009941,0.8953483034924867,0.0063302637576919275
66,VGG19,300,"SelectFromModel(estimator=RandomForestClassifier(n_estimators=200, n_jobs=-1,
                                                 random_state=5),
                max_features=300, threshold='1.25*median')",KNeighborsClassifier(n_neighbors=23),0.8226430976430976,0.013326806040968356,0.853067340174691,0.006709280434735955,0.9082562943212628,0.013267038561525108,0.8797796866739924,0.009461666134728453
67,VGG19,300,"SelectFromModel(estimator=RandomForestClassifier(n_estimators=200, n_jobs=-1,
                                                 random_state=5),
                max_features=300, threshold='1.25*median')",GaussianNB(),0.7146464646464646,0.015179547580942577,0.8777472279498962,0.012495841639954484,0.6980327927950413,0.01588214379973997,0.7775554854044786,0.012772595019946393
68,VGG19,300,"SelectFromModel(estimator=RandomForestClassifier(n_estimators=200, n_jobs=-1,
                                                 random_state=5),
                max_features=300, threshold='1.25*median')","SVC(C=1, gamma='auto', kernel='linear')",0.8382996632996633,0.005046294541185809,0.8478652696553592,0.004492719099755924,0.9429985489975049,0.004875416200042535,0.8928925279276324,0.003263998827195874
69,VGG19,300,PCA(n_components=300),KNeighborsClassifier(n_neighbors=21),0.8156565656565655,0.008686770808312405,0.852832268513178,0.004119050158634761,0.896832266745976,0.010145274715758152,0.8742601118728388,0.006340631644458371
70,VGG19,300,PCA(n_components=300),GaussianNB(),0.5660774410774412,0.011796530667579049,0.8248898029152963,0.007918065835959998,0.49864716375114304,0.013685858774352948,0.6215101348898675,0.01279432544161239
71,VGG19,300,PCA(n_components=300),"SVC(C=1, gamma='auto', kernel='linear')",0.841077441077441,0.01091228597680621,0.8535595274350932,0.008523235480850443,0.9387591675557783,0.005556491124027177,0.8941276300501114,0.007013546113153685
72,VGG19,350,SelectKBest(k=350),KNeighborsClassifier(n_neighbors=29),0.8173400673400675,0.009899075791560292,0.8513302775149592,0.007091766717731064,0.9020144185140431,0.011296531461785787,0.8758975432425691,0.006975092092914341
73,VGG19,350,SelectKBest(k=350),GaussianNB(),0.6743265993265993,0.01886986864745698,0.8788116924867007,0.011529970859843688,0.631258670138535,0.020701318153780922,0.7346511194177366,0.017533689608313148
74,VGG19,350,SelectKBest(k=350),"SVC(C=1, gamma='auto', kernel='linear')",0.8423400673400673,0.007831450067079462,0.8531714234018795,0.005963015518823387,0.9414678210906299,0.005375148771825882,0.8951396722931086,0.005092128066859548
75,VGG19,350,"RFE(estimator=RandomForestClassifier(n_jobs=-1), n_features_to_select=350)",KNeighborsClassifier(n_neighbors=25),0.8140572390572391,0.010695205504557976,0.8525973041754998,0.005803508114532821,0.8944771780809193,0.011151225251072077,0.8730157081509755,0.0076577935404962905
76,VGG19,350,"RFE(estimator=RandomForestClassifier(n_jobs=-1), n_features_to_select=350)",GaussianNB(),0.701936026936027,0.014333017351968045,0.8786759108616066,0.011614766721026229,0.6763634951897846,0.013477104702158191,0.764317412582572,0.012001667811547509
77,VGG19,350,"RFE(estimator=RandomForestClassifier(n_jobs=-1), n_features_to_select=350)","SVC(C=1, gamma='auto', kernel='linear')",0.843939393939394,0.008877977692548968,0.85567543870799,0.007120981473582312,0.9402903807477688,0.004278951331491763,0.8959841195075586,0.005668910560999552
78,VGG19,350,"SelectFromModel(estimator=RandomForestClassifier(n_estimators=200, n_jobs=-1,
                                                 random_state=5),
                max_features=350, threshold='1.25*median')",KNeighborsClassifier(n_neighbors=23),0.8226430976430976,0.013326806040968356,0.853067340174691,0.006709280434735955,0.9082562943212628,0.013267038561525108,0.8797796866739924,0.009461666134728453
79,VGG19,350,"SelectFromModel(estimator=RandomForestClassifier(n_estimators=200, n_jobs=-1,
                                                 random_state=5),
                max_features=350, threshold='1.25*median')",GaussianNB(),0.7146464646464646,0.015179547580942577,0.8777472279498962,0.012495841639954484,0.6980327927950413,0.01588214379973997,0.7775554854044786,0.012772595019946393
80,VGG19,350,"SelectFromModel(estimator=RandomForestClassifier(n_estimators=200, n_jobs=-1,
                                                 random_state=5),
                max_features=350, threshold='1.25*median')","SVC(C=1, gamma='auto', kernel='linear')",0.8382996632996633,0.005046294541185809,0.8478652696553592,0.004492719099755924,0.9429985489975049,0.004875416200042535,0.8928925279276324,0.003263998827195874
81,VGG19,350,PCA(n_components=350),KNeighborsClassifier(n_neighbors=27),0.8144781144781146,0.009329394614476388,0.8524708924684624,0.005557572022791796,0.8954191164899189,0.011588044442760811,0.8733799571937009,0.006799570284454525
82,VGG19,350,PCA(n_components=350),GaussianNB(),0.5521043771043772,0.016791610709141317,0.8212353968361498,0.012205775639535323,0.4769777274929963,0.019393027946571207,0.6033539562758108,0.018531143819641934
83,VGG19,350,PCA(n_components=350),"SVC(C=1, gamma='auto', kernel='linear')",0.8414141414141414,0.008066766700815438,0.8550634591518207,0.006937172496277694,0.9369923831034814,0.003701175686780713,0.8941466466484537,0.005098785905922031
84,VGG19,400,SelectKBest(k=400),KNeighborsClassifier(n_neighbors=29),0.8161616161616163,0.009532247587132685,0.8510985626711085,0.007306969915469873,0.9003657663241247,0.009758252988684785,0.8750062937019971,0.006592379860532475
85,VGG19,400,SelectKBest(k=400),GaussianNB(),0.6682659932659932,0.01479758716723619,0.8775851093958966,0.010460492001591342,0.6226612203811429,0.01569405879713829,0.7284073257890296,0.013613577478827453
86,VGG19,400,SelectKBest(k=400),"SVC(C=1, gamma='auto', kernel='linear')",0.839983164983165,0.007725787141807262,0.8533373210134592,0.006044449694049161,0.9372280930166779,0.00463985850006367,0.8933113636578611,0.004982158106523025
87,VGG19,400,"RFE(estimator=RandomForestClassifier(n_jobs=-1), n_features_to_select=400)",KNeighborsClassifier(n_neighbors=23),0.8153198653198654,0.009408801585736426,0.8537124886291816,0.004356417128964519,0.8949481819486416,0.01082512285527876,0.8738243340175614,0.00687997543533123
88,VGG19,400,"RFE(estimator=RandomForestClassifier(n_jobs=-1), n_features_to_select=400)",GaussianNB(),0.695117845117845,0.013631686440672527,0.8785659680013154,0.01124341934942598,0.6654106101351104,0.01312400534464909,0.7572303150206523,0.011604395142740928
89,VGG19,400,"RFE(estimator=RandomForestClassifier(n_jobs=-1), n_features_to_select=400)","SVC(C=1, gamma='auto', kernel='linear')",0.8428451178451178,0.008241424258787404,0.8563157045056766,0.006860998961603763,0.9374639415827645,0.0036046668511180648,0.8950486147416461,0.005238249357804027
90,VGG19,400,"SelectFromModel(estimator=RandomForestClassifier(n_estimators=200, n_jobs=-1,
                                                 random_state=5),
                max_features=400, threshold='1.25*median')",KNeighborsClassifier(n_neighbors=23),0.8226430976430976,0.013326806040968356,0.853067340174691,0.006709280434735955,0.9082562943212628,0.013267038561525108,0.8797796866739924,0.009461666134728453
91,VGG19,400,"SelectFromModel(estimator=RandomForestClassifier(n_estimators=200, n_jobs=-1,
                                                 random_state=5),
                max_features=400, threshold='1.25*median')",GaussianNB(),0.7146464646464646,0.015179547580942577,0.8777472279498962,0.012495841639954484,0.6980327927950413,0.01588214379973997,0.7775554854044786,0.012772595019946393
92,VGG19,400,"SelectFromModel(estimator=RandomForestClassifier(n_estimators=200, n_jobs=-1,
                                                 random_state=5),
                max_features=400, threshold='1.25*median')","SVC(C=1, gamma='auto', kernel='linear')",0.8382996632996633,0.005046294541185809,0.8478652696553592,0.004492719099755924,0.9429985489975049,0.004875416200042535,0.8928925279276324,0.003263998827195874
93,VGG19,400,PCA(n_components=400),KNeighborsClassifier(n_neighbors=23),0.8147306397306397,0.009946916664459567,0.8536802351450727,0.004921084849548172,0.8940063128660869,0.01130084473727103,0.8733552498144646,0.007239721372726208
94,VGG19,400,PCA(n_components=400),GaussianNB(var_smoothing=1e-07),0.5406565656565656,0.013448533892573448,0.8184277022119113,0.012009427455815392,0.45907604487084824,0.014366036267223029,0.5881536174767946,0.014477402639036444
95,VGG19,400,PCA(n_components=400),"SVC(C=1, gamma='auto', kernel='linear')",0.8430976430976431,0.009237808025804022,0.8559884025498284,0.007597860379704683,0.938405879991764,0.004815025877357056,0.8952949197645808,0.005892996531438914
96,VGG19,450,SelectKBest(k=450),KNeighborsClassifier(n_neighbors=21),0.8153198653198654,0.009632072163210027,0.8554085094736145,0.005980751847758635,0.8924748223683162,0.009539130897428005,0.8735312444710278,0.006818516142190615
97,VGG19,450,SelectKBest(k=450),GaussianNB(var_smoothing=1e-07),0.6467171717171718,0.01589015137580724,0.8784499987283481,0.011466057907252915,0.5868588257070777,0.01802977364069804,0.7035420373294091,0.015493902618718598
98,VGG19,450,SelectKBest(k=450),"SVC(C=1, gamma='auto', kernel='linear')",0.8416666666666666,0.008377006939141233,0.8551253506252866,0.0076567691576543695,0.9373456706674957,0.002893995531890983,0.8943382217839092,0.005197650112107324
99,VGG19,450,"RFE(estimator=RandomForestClassifier(n_jobs=-1), n_features_to_select=450)",KNeighborsClassifier(n_neighbors=25),0.8145622895622896,0.007745022636631964,0.853346540178112,0.004644438245113671,0.894241606820613,0.008651907973029916,0.873297767301777,0.0055478947072129655
100,VGG19,450,"RFE(estimator=RandomForestClassifier(n_jobs=-1), n_features_to_select=450)",GaussianNB(),0.6870370370370371,0.01562485474770653,0.8783072232038233,0.010979632049348575,0.6524573798347396,0.015347066264783545,0.7486841860269402,0.013675728472292589
101,VGG19,450,"RFE(estimator=RandomForestClassifier(n_jobs=-1), n_features_to_select=450)","SVC(C=1, gamma='auto', kernel='linear')",0.8421717171717171,0.008442723177185085,0.8553691441092017,0.007650694743398103,0.9378170211674435,0.002714431053083497,0.8946873329420324,0.005247226220803403
102,VGG19,450,"SelectFromModel(estimator=RandomForestClassifier(n_estimators=200, n_jobs=-1,
                                                 random_state=5),
                max_features=450, threshold='1.25*median')",KNeighborsClassifier(n_neighbors=23),0.8226430976430976,0.013326806040968356,0.853067340174691,0.006709280434735955,0.9082562943212628,0.013267038561525108,0.8797796866739924,0.009461666134728453
103,VGG19,450,"SelectFromModel(estimator=RandomForestClassifier(n_estimators=200, n_jobs=-1,
                                                 random_state=5),
                max_features=450, threshold='1.25*median')",GaussianNB(),0.7146464646464646,0.015179547580942577,0.8777472279498962,0.012495841639954484,0.6980327927950413,0.01588214379973997,0.7775554854044786,0.012772595019946393
104,VGG19,450,"SelectFromModel(estimator=RandomForestClassifier(n_estimators=200, n_jobs=-1,
                                                 random_state=5),
                max_features=450, threshold='1.25*median')","SVC(C=1, gamma='auto', kernel='linear')",0.8382996632996633,0.005046294541185809,0.8478652696553592,0.004492719099755924,0.9429985489975049,0.004875416200042535,0.8928925279276324,0.003263998827195874
105,VGG19,450,PCA(n_components=450),KNeighborsClassifier(n_neighbors=25),0.8140572390572391,0.00921092373141244,0.8532433451941243,0.005061090757575128,0.8935355169776997,0.010701010603813952,0.872899427249162,0.006687547984057957
106,VGG19,450,PCA(n_components=450),GaussianNB(),0.5303030303030303,0.012203935824538348,0.8133295908828508,0.010614533142555756,0.4448260634156723,0.013029269297711485,0.5750719866292676,0.013408317253915726
107,VGG19,450,PCA(n_components=450),"SVC(C=1, gamma='auto', kernel='linear')",0.843013468013468,0.008584207935341388,0.8559992054026324,0.00811264331721943,0.9382876784029406,0.0041697891369344795,0.895237449425264,0.005332075783697647
